set foreign_key_checks = 0;

insert into
    `account` (`id`, `email`, `password`, `name`, `image`, `created`, `updated`)
values
    (1, 'abridal0@tamu.edu', '6UDL6N', 'Aylmer Bridal', 'photo-1542080681-b52d382432af', '2020-01-01 12:30:30', '2020-03-01 12:30:30'),
    (2, 'bsuermeier1@mtv.com', 'HBUNPJv', 'Boot Suermeier', 'photo-1507003211169-0a1dd7228f2d', '2020-01-02 12:30:30', null),
    (3, 'bprescote2@whitehouse.gov', 'o2Ykv0u9h', 'Brandy Prescote', 'photo-1589329482108-e414c7c6b8c7', '2020-01-03 12:30:30', '2020-03-02 12:30:30'),
    (4, 'kkaplan3@usgs.gov', 'Yc3ED1S', 'Kara-lynn Kaplan', 'photo-1568967729548-e3dbad3d37e0', '2020-01-04 12:30:30', null),
    (5, 'mminall4@xing.com', 'SvZneuvS', 'Melvin Minall', 'photo-1494790108377-be9c29b29330', '2020-01-05 12:30:30', '2020-03-03 12:30:30'),
    (6, 'triddiough5@mapy.cz', 'MbN3GE', 'Thelma Riddiough', 'photo-1592124549776-a7f0cc973b24', '2020-01-06 12:30:30', null),
    (7, 'estruijs6@un.org', 'fa1Lr2MaV', 'Eustacia Struijs', 'photo-1509967419530-da38b4704bc6', '2020-01-07 12:30:30', '2020-03-04 12:30:30'),
    (8, 'aohartagan7@wordpress.org', 'YYNSXkkktFf', 'Auberon O''Hartagan', 'photo-1541715301255-12a4839b424a', '2020-01-08 12:30:30', null),
    (9, 'fklosser8@ifeng.com', 'JgSIt6RH6', 'Fonsie Klosser', 'photo-1550639524-a6f58345a2ca', '2020-01-09 12:30:30', '2020-03-05 12:30:30'),
    (10, 'bwestbury9@xrea.com', 'M2Qoz9LL', 'Benjamin Westbury', 'photo-1557296387-5358ad7997bb', '2020-01-10 12:30:30', null),
    (11, 'rbernardinia@booking.com', 'SX1vpRFY3l', 'Rochelle Bernardini', 'photo-1489424731084-a5d8b219a5bb', '2020-01-11 12:30:30', '2020-03-06 12:30:30'),
    (12, 'jfranklandb@usgs.gov', 'D4K7fbkgn3iZ', 'Jannel Frankland', 'photo-1592124506009-f9cf2372ee59', '2020-01-12 12:30:30', null),
    (13, 'sperazzoc@blog.com', 'IR2mur', 'Shelton Perazzo', 'photo-1554151228-14d9def656e4', '2020-01-13 12:30:30', '2020-03-07 12:30:30'),
    (14, 'esollarsd@ucla.edu', 'nDZJ7D2he', 'Ebonee Sollars', 'photo-1544005313-94ddf0286df2', '2020-01-14 12:30:30', null),
    (15, 'cseligsone@msu.edu', 'f7B6pC', 'Chadd Seligson', 'photo-1549351512-c5e12b11e283', '2020-01-15 12:30:30', '2020-03-08 12:30:30'),
    (16, 'pciccarellof@yahoo.co.jp', 'KSOIKHVmy', 'Pierrette Ciccarello', 'photo-1545167622-3a6ac756afa4', '2020-01-16 12:30:30', null),
    (17, 'pwardel0@printfriendly.com', 'FZ0pt6', 'Pierce Wardel', 'photo-1438761681033-6461ffad8d80', '2020-01-17 12:30:30', '2020-03-09 12:30:30'),
    (18, 'mjaray1@google.nl', 'NGdNjtF1xAMT', 'Maddi Jaray', 'photo-1546672741-d327539d5f13', '2020-01-18 12:30:30', null),
    (19, 'thurran2@cisco.com', 'K7ZawrFjJK', 'Trueman Hurran', 'photo-1499996860823-5214fcc65f8f', '2020-01-19 12:30:30', '2020-03-10 12:30:30'),
    (20, 'mreignould3@china.com.cn', 'h9TuBwS', 'Marylinda Reignould', 'photo-1509460913899-515f1df34fea', '2020-01-20 12:30:30', null),
    (21, 'gchinge4@bbb.org', 'iHIYNXJggUTF', 'Ganny Chinge', 'photo-1597223557154-721c1cecc4b0', '2020-01-21 12:30:30', '2020-03-11 12:30:30'),
    (22, 'bhexter5@phpbb.com', 'ffWmr1ZAEsk', 'Bertie Hexter', 'photo-1531889236320-35bcb7d1a5fd', '2020-01-22 12:30:30', null),
    (23, 'tgiacovelli6@bbc.co.uk', 'FuniRarjpL', 'Tate Giacovelli', 'photo-1542909168-82c3e7fdca5c', '2020-01-23 12:30:30', '2020-03-12 12:30:30'),
    (24, 'aenglish7@sitemeter.com', '3QzvUgZKp', 'Allyce English', 'photo-1542534759-05f6c34a9e63', '2020-01-24 12:30:30', null),
    (25, 'sjahndel8@infoseek.co.jp', 'i6ffWnO9IBG', 'Silvester Jahndel', 'photo-1493106819501-66d381c466f1', '2020-01-25 12:30:30', '2020-03-13 12:30:30'),
    (26, 'paird9@nifty.com', 'mF12wc3gS', 'Philly Aird', 'photo-1521146764736-56c929d59c83', '2020-01-16 12:30:30', null),
    (27, 'ngreenea@jalbum.net', 'DE1vLa', 'Natasha Greene', 'photo-1548946526-f69e2424cf45', '2020-01-27 12:30:30', '2020-03-14 12:30:30'),
    (28, 'cruppelib@vinaora.com', '3dHLIqovSW', 'Candra Ruppeli', 'photo-1569443693539-175ea9f007e8', '2020-01-28 12:30:30', null),
    (29, 'jwoodrupc@cpanel.net', 'DEbxvrVorqw', 'Jenna Woodrup', 'photo-1514846326710-096e4a8035e0', '2020-01-29 12:30:30', '2020-03-15 12:30:30'),
    (30, 'mbeanyd@reverbnation.com', 'ovflutsKJyCt', 'Marleah Beany', 'photo-1551069613-1904dbdcda11', '2020-01-30 12:30:30', null),
    (31, 'lmackeague0@timesonline.co.uk', 'a8tOFKmfXiG', 'Lucius MacKeague', 'photo-1508184964240-ee96bb9677a7', '2020-01-31 12:30:30', '2020-03-16 12:30:30'),
    (32, 'dmaccaig1@yandex.ru', 'SLlB0cZ', 'Diana MacCaig', 'photo-1542131597-a4390333d136', '2020-02-01 12:30:30', null),
    (33, 'kwindus2@cocolog-nifty.com', '7Dt3pX', 'Karin Windus', 'photo-1584361853901-dd1904bb7987', '2020-02-02 12:30:30', '2020-03-17 12:30:30'),
    (34, 'smadden3@ask.com', 'G7LCjVqtljW2', 'Sheela Madden', 'photo-1520813792240-56fc4a3765a7', '2020-02-03 12:30:30', null),
    (35, 'ppaulmann4@mayoclinic.com', 'ni49C699ruRD', 'Perkin Paulmann', 'photo-1578489758854-f134a358f08b', '2020-02-04 12:30:30', '2020-03-18 12:30:30'),
    (36, 'nchristofol5@cisco.com', 'tfaIJ9iTq', 'Nate Christofol', 'photo-1560787313-5dff3307e257', '2020-02-05 12:30:30', null),
    (37, 'tcadogan6@youku.com', 'HYQ4R9', 'Terri-jo Cadogan', 'photo-1541647376583-8934aaf3448a', '2020-02-06 12:30:30', '2020-03-19 12:30:30'),
    (38, 'zhatwell7@cnn.com', '7MQltA547', 'Zarla Hatwell', 'photo-1567186937675-a5131c8a89ea', '2020-02-07 12:30:30', null),
    (39, 'pmantram8@shop-pro.jp', 'sYPJ5r', 'Palm Mantram', 'photo-1583264277147-6efc00e438a9', '2020-02-08 12:30:30', '2020-03-20 12:30:30'),
    (40, 'xtute9@barnesandnoble.com', 'EkSmbA1ur', 'Xavier Tute', 'photo-1545996124-0501ebae84d0', '2020-02-09 12:30:30', null),
    (41, 'tdraaismaa@shutterfly.com', 'Q78rInFuxC', 'Tammie Draaisma', 'photo-1571512599285-9ac4fdf3dba9', '2020-02-10 12:30:30', '2020-03-21 12:30:30'),
    (42, 'cmelledyb@xinhuanet.com', 'tcSJ06PPm9fn', 'Carolus Melledy', 'photo-1549351236-caca0f174515', '2020-02-11 12:30:30', null),
    (43, 'bmaciac@stumbleupon.com', 'uBVUYvYlKB7', 'Barbi Macia', 'photo-1464863979621-258859e62245', '2020-02-12 12:30:30', '2020-03-22 12:30:30'),
    (44, 'mnunnd@newyorker.com', 'MtnGYppi4', 'Malia Nunn', 'photo-1506468203959-a06c860af8f0', '2020-02-13 12:30:30', null),
    (45, 'ckirkee@unesco.org', 'eYf1aOGC9R', 'Crin Kirke', 'photo-1547067678-b2708d4f444e', '2020-02-14 12:30:30', '2020-03-23 12:30:30'),
    (46, 'sfilyukovf@patch.com', 'oANwqXeA', 'Seumas Filyukov', 'photo-1554384645-13eab165c24b', '2020-02-15 12:30:30', null),
    (47, 'sterbruggeng@google.co.uk', 'Eilb4iEhA', 'Standford Terbruggen', 'photo-1488426862026-3ee34a7d66df', '2020-02-16 12:30:30', '2020-03-24 12:30:30'),
    (48, 'rlarchiereh@privacy.gov.au', 'h6LjFWNbnm', 'Ramon Larchiere', 'photo-1595412212084-cc97030c594d', '2020-02-17 12:30:30', null),
    (49, 'fsturmani@meetup.com', 'tuapRgyjG', 'Frederick Sturman', 'photo-1548544149-4835e62ee5b3', '2020-02-18 12:30:30', '2020-03-25 12:30:30'),
    (50, 'gheintzj@tripadvisor.com', 'RpAmyxszE', 'Gonzalo Heintz', 'photo-1575779977884-f1069c45cbf4', '2020-02-19 12:30:30', null),
    (51, 'cfratczakk@ebay.co.uk', 'b7JUizfWmZ0', 'Carrissa Fratczak', 'photo-1441786485319-5e0f0c092803', '2020-02-20 12:30:30', '2020-03-26 12:30:30'),
    (52, 'ebatistellil@istockphoto.com', 'ofxdSO', 'Elena Batistelli', 'photo-1543096222-72de739f7917', '2020-02-21 12:30:30', null),
    (53, 'triseamm@weather.com', 'SkkHTiC0FW', 'Tedda Riseam', 'photo-1552058544-f2b08422138a', '2020-02-23 12:30:30', '2020-03-27 12:30:30'),
    (54, 'cstoppardn@trellian.com', 'oiMGoNny0kqy', 'Claiborn Stoppard', 'photo-1508186225823-0963cf9ab0de', '2020-02-24 12:30:30', null),
    (55, 'evyseo@nymag.com', '1bniEt2ylZRd', 'Ethe Vyse', 'photo-1472099645785-5658abf4ff4e', '2020-02-25 12:30:30', '2020-03-28 12:30:30'),
    (56, 'lwaterworthp@odnoklassniki.ru', 'MTYr7STMn', 'Loralyn Waterworth', 'photo-1573140247632-f8fd74997d5c', '2020-02-26 12:30:30', null),
    (57, 'asprossonq@mtv.com', 'bpWex6Tb', 'Adair Sprosson', 'photo-1548142813-c348350df52b', '2020-02-27 12:30:30', '2020-03-29 12:30:30'),
    (58, 'lgounetr@altervista.org', '0hFK3lm', 'Lavinia Gounet', 'photo-1511485977113-f34c92461ad9', '2020-02-28 12:30:30', null),
    (59, 'bodas@twitter.com', 'JLw5VzNEL', 'Barbey Oda', 'photo-1542513217-0b0eedf7005d', '2020-02-29 12:30:30', '2020-03-30 12:30:30'),
    (60, 'lsphinxet@dyndns.org', 'q5aeBbimnvu', 'Lianne Sphinxe', 'photo-1544348817-5f2cf14b88c8', '2020-03-01 12:30:30', null);

insert into
    `artist` (`id`, `account_id`, `studio_id`, `website`, `instagram`, `facebook`, `created`, `updated`)
 values
    (1, 1, 1, 'http://china.com.cn', 'http://tumblr.com', 'https://aol.com', '2020-02-01 12:30:30', '2020-03-01 12:30:30'),
    (2, 3, 2, 'https://ameblo.jp', null, 'http://friendfeed.com', '2020-02-02 12:30:30', null),
    (3, 5, 3, null, 'https://imgur.com', 'http://state.tx.us', '2020-02-03 12:30:30', '2020-03-02 12:30:30'),
    (4, 7, 3, 'https://blogger.com', null, 'http://rambler.ru', '2020-02-04 12:30:30', null),
    (5, 9, 5, 'https://forbes.com', 'http://wufoo.com', 'http://msu.edu', '2020-02-05 12:30:30', '2020-03-03 12:30:30'),
    (6, 11, 6, null, null, 'https://tinypic.com', '2020-02-06 12:30:30', null),
    (7, 13, 7, 'http://samsung.com', 'http://mozilla.org', null, '2020-02-07 12:30:30', '2020-03-04 12:30:30'),
    (8, 15, 7, 'http://4shared.com', null, null, '2020-02-08 12:30:30', null),
    (9, 17, 9, null, 'https://slideshare.net', null, '2020-02-09 12:30:30', '2020-03-05 12:30:30'),
    (10, 19, 10, 'http://prweb.com', null, null, '2020-02-10 12:30:30', null),
    (11, 21, 11, 'http://taobao.com', 'https://linkedin.com', null, '2020-02-11 12:30:30', '2020-03-06 12:30:30'),
    (12, 23, 11, null, null, null, '2020-02-12 12:30:30', null),
    (13, 25, 13, 'https://loc.gov', 'http://tripadvisor.com', 'http://goo.gl', '2020-02-13 12:30:30', '2020-03-07 12:30:30'),
    (14, 27, 14, 'http://alexa.com', null, 'http://indiatimes.com', '2020-02-14 12:30:30', null),
    (15, 29, 15, null, 'https://cam.ac.uk', 'https://timesonline.co.uk', '2020-02-15 12:30:30', '2020-03-08 12:30:30'),
    (16, 31, 15, 'http://google.cn', null, 'https://house.gov', '2020-02-16 12:30:30', null),
    (17, 33, 17, 'http://rambler.ru', 'https://webs.com', 'http://prlog.org', '2020-02-17 12:30:30', '2020-03-09 12:30:30'),
    (18, 35, 18, null, null, 'http://pagesperso-orange.fr', '2020-02-18 12:30:30', null),
    (19, 37, 19, 'https://reuters.com', 'http://ed.gov', null, '2020-02-19 12:30:30', '2020-03-10 12:30:30'),
    (20, 39, 19, 'https://behance.net', null, null, '2020-02-20 12:30:30', null),
    (21, 41, 21, null, 'https://cornell.edu', null, '2020-02-21 12:30:30', '2020-03-11 12:30:30'),
    (22, 43, 22, 'http://google.co.jp', null, null, '2020-02-22 12:30:30', null),
    (23, 45, 23, 'https://army.mil', 'http://tamu.edu', null, '2020-02-23 12:30:30', '2020-03-12 12:30:30'),
    (24, 47, 23, null, null, null, '2020-02-24 12:30:30', null),
    (25, 49, 25, 'http://slashdot.org', 'https://yelp.com', 'http://com.com', '2020-02-25 12:30:30', '2020-03-13 12:30:30'),
    (26, 51, 26, 'http://omniture.com', null, 'http://harvard.edu', '2020-02-26 12:30:30', null),
    (27, 53, 27, null, 'http://yahoo.co.jp', 'https://google.it', '2020-02-27 12:30:30', '2020-03-14 12:30:30'),
    (28, 55, 27, 'https://slate.com', null, 'https://uol.com.br', '2020-02-28 12:30:30', null),
    (29, 57, 29, 'http://latimes.com', 'http://nasa.gov', 'http://uiuc.edu', '2020-02-29 12:30:30', '2020-03-15 12:30:30'),
    (30, 59, 30, null, null, 'https://moonfruit.com', '2020-03-01 12:30:30', null);

insert into
    `studio` (`id`, `name`, `image`, `website`, `instagram`, `facebook`, `phone`, `address`, `location`, `about`, `created`, `updated`)
values
    (1, 'Hansen-Hoppe', 'photo-1522139137660-4248e04955b8', 'http://who.int', 'https://youku.com', 'http://networkadvertising.org', '6879075825', '373 Amoth Alley', ST_GeomFromText('point(49.0156679 33.6450451)', 4326), 'Meis vocent signiferumque pri et. Facilis corpora recusabo ne quo, eum ne eruditi blandit suscipiantur. Mazim sapientem sed id, sea debet commune iracundia in. Eius falli propriae te usu. In usu nonummy volumus expetenda, sint quando facilisis ei per, delectus constituto sea te.\nSenserit mediocrem vis ex, et dicunt deleniti gubergren mei. Mel id clita mollis repudiare. Sed ad nostro delicatissimi, postea pertinax est an. Adhuc sensibus percipitur sed te, eirmod tritani debitis nec ea. Cu vis quis gubergren.', '2020-03-01 12:30:30', '2020-04-01 12:30:30'),
    (2, 'Emmerich Inc', 'photo-1533319417894-6fbb331e5513', 'https://amazon.de', null, 'https://icio.us', '1224801982', '6 Morrow Trail', ST_GeomFromText('point(22.270978 113.576677)', 4326), 'At cum soleat disputationi, quo veri admodum vituperata ad. Ea vix ceteros complectitur, vel cu nihil nullam. Nam placerat oporteat molestiae ei, an putant albucius qui. Oblique menandri ei his, mei te mazim oportere comprehensam.', '2020-03-02 12:30:30', null),
    (3, 'Stark-Walker', 'photo-1554463529-e27854014799', null, 'http://technorati.com', 'https://bloglovin.com', '6131337797', '837 Dapin Pass', ST_GeomFromText('point(47.1426 28.6295416)', 4326), 'Dicunt percipit deserunt ut usu. Aliquip delenit an eam, vocent vituperata vim ea. Ei mollis audire interpretaris cum, ei impedit fierent sea. Ius at homero noster prompta, ea sit dignissim vituperata efficiendi. Natum placerat ad mei.', '2020-03-03 12:30:30', '2020-04-02 12:30:30'),
    (4, 'Wolff LLC', 'photo-1545231027-637d2f6210f8', 'https://nature.com', null, 'https://rambler.ru', '5821984678', '49138 Meadow Vale Place', ST_GeomFromText('point(-7.4869186 108.4691492)', 4326), 'Lorem ipsum dolor sit amet, consectetuer adipiscing elit, sed diam nonummy nibh euismod tincidunt ut laoreet dolore magna aliquam erat volutpat. Ut wisi enim ad minim veniam, quis nostrud exerci tation ullamcorper suscipit lobortis nisl ut aliquip ex ea commodo consequat. Duis autem vel eum iriure dolor in hendrerit in vulputate velit esse molestie consequat, vel illum dolore eu feugiat nulla facilisis at vero eros et accumsan et iusto odio dignissim qui blandit praesent luptatum zzril delenit augue duis dolore te feugait nulla facilisi.\nAn vim commodo dolorem volutpat, cu expetendis voluptatum usu, et mutat consul adversarium his. His natum numquam legimus an, diam fabulas mei ut. Melius fabellas sadipscing vel id. Partem diceret mandamus mea ne, has te tempor nostrud. Aeque nostro eum no.', '2020-03-04 12:30:30', null),
    (5, 'King and Sons', 'photo-1516876437184-593fda40c7ce', 'http://com.com', 'https://deviantart.com', 'https://domainmarket.com', '6541462350', '5 Texas Circle', ST_GeomFromText('point(-8.5808412 115.1563072)', 4326), 'His audiam deserunt in, eum ubique voluptatibus te. In reque dicta usu. Ne rebum dissentiet eam, vim omnis deseruisse id. Ullum deleniti vituperata at quo, insolens complectitur te eos, ea pri dico munere propriae. Vel ferri facilis ut, qui paulo ridens praesent ad. Possim alterum qui cu. Accusamus consulatu ius te, cu decore soleat appareat usu.', '2020-03-05 12:30:30', '2020-04-03 12:30:30'),
    (6, 'Hauck Group', 'photo-1599305445671-ac291c95aaa9', null, null, 'https://ebay.com', '4253518801', '6 Fremont Crossing', ST_GeomFromText('point(26.0882134 119.3010346)', 4326), 'Dicunt percipit deserunt ut usu. Aliquip delenit an eam, vocent vituperata vim ea. Ei mollis audire interpretaris cum, ei impedit fierent sea. Ius at homero noster prompta, ea sit dignissim vituperata efficiendi. Natum placerat ad mei.', '2020-03-06 12:30:30', null),
    (7, 'Schamberger Group', 'photo-1540957904852-c2184978df5e', 'https://soundcloud.com', 'http://so-net.ne.jp', null, '9458674889', '2 Coolidge Pass', ST_GeomFromText('point(59.6670169 56.6698125)', 4326), 'His audiam deserunt in, eum ubique voluptatibus te. In reque dicta usu. Ne rebum dissentiet eam, vim omnis deseruisse id. Ullum deleniti vituperata at quo, insolens complectitur te eos, ea pri dico munere propriae. Vel ferri facilis ut, qui paulo ridens praesent ad. Possim alterum qui cu. Accusamus consulatu ius te, cu decore soleat appareat usu.\nSenserit mediocrem vis ex, et dicunt deleniti gubergren mei. Mel id clita mollis repudiare. Sed ad nostro delicatissimi, postea pertinax est an. Adhuc sensibus percipitur sed te, eirmod tritani debitis nec ea. Cu vis quis gubergren.', '2020-03-07 12:30:30', '2020-04-04 12:30:30'),
    (8, 'Lakin-Leffler', 'photo-1505489435671-80a165c60816', 'https://networkadvertising.org', null, null, '2363473926', '1 Walton Park', ST_GeomFromText('point(52.1682974 17.8955629)', 4326), 'His audiam deserunt in, eum ubique voluptatibus te. In reque dicta usu. Ne rebum dissentiet eam, vim omnis deseruisse id. Ullum deleniti vituperata at quo, insolens complectitur te eos, ea pri dico munere propriae. Vel ferri facilis ut, qui paulo ridens praesent ad. Possim alterum qui cu. Accusamus consulatu ius te, cu decore soleat appareat usu.', '2020-03-08 12:30:30', null),
    (9, 'Baumbach LLC', 'photo-1555920141-8ffbcdf2d8b0', null, 'https://arizona.edu', null, '3501527431', '378 Holmberg Circle', ST_GeomFromText('point(11.4894238 -3.523092)', 4326), 'Virtute equidem ceteros in mel. Id volutpat neglegentur eos. Eu eum facilisis voluptatum, no eam albucius verterem. Sit congue platonem adolescens ut. Offendit reprimique et has, eu mei homero imperdiet.', '2020-03-09 12:30:30', '2020-04-05 12:30:30'),
    (10, 'Mosciski-Ankunding', 'photo-1533794318766-897f4d50cb39', 'https://yale.edu', null, null, '6222803958', '748 Farmco Avenue', ST_GeomFromText('point(48.1463491 23.0302123)', 4326), 'Eam ex integre quaeque bonorum, ea assum solet scriptorem pri, et usu nonummy accusata interpretaris. Debitis necessitatibus est no. Eu probo graeco eum, at eius choro sit, possit recusabo corrumpit vim ne. Noster diceret delicata vel id.\nHis audiam deserunt in, eum ubique voluptatibus te. In reque dicta usu. Ne rebum dissentiet eam, vim omnis deseruisse id. Ullum deleniti vituperata at quo, insolens complectitur te eos, ea pri dico munere propriae. Vel ferri facilis ut, qui paulo ridens praesent ad. Possim alterum qui cu. Accusamus consulatu ius te, cu decore soleat appareat usu.', '2020-03-10 12:30:30', null),
    (11, 'Schaden Group', 'photo-1567446537708-ac4aa75c9c28', 'https://java.com', 'https://ameblo.jp', null, '8104879650', '3 Dayton Drive', ST_GeomFromText('point(35.9928004 37.0507676)', 4326), 'Cu nam labores lobortis definiebas, ei aliquyam salutatus persequeris quo, cum eu nemore fierent dissentiunt. Per vero dolor id, vide democritum scribentur eu vim, pri erroribus temporibus ex. Euismod molestie offendit has no. Quo te semper invidunt quaestio, per vituperatoribus sadipscing ei, partem aliquyam sensibus in cum.', '2020-03-11 12:30:30', '2020-04-06 12:30:30'),
    (12, 'Huels-Hansen', 'photo-1578911595545-a46c90db6413', null, null, null, '2429043767', '5577 Cambridge Street', ST_GeomFromText('point(-7.7454234 113.1709572)', 4326), 'Expetenda tincidunt in sed, ex partem placerat sea, porro commodo ex eam. His putant aeterno interesset at. Usu ea mundi tincidunt, omnium virtute aliquando ius ex. Ea aperiri sententiae duo. Usu nullam dolorum quaestio ei, sit vidit facilisis ea. Per ne impedit iracundia neglegentur. Consetetur neglegentur eum ut, vis animal legimus inimicus id.', '2020-03-12 12:30:30', null),
    (13, 'Reichel Group', 'photo-1562307534-a03738d2a81a', 'https://ning.com', 'https://addthis.com', 'http://earthlink.net', '1588917685', '93304 Eggendart Center', ST_GeomFromText('point(21.857958 111.982232)', 4326), 'Lorem ipsum dolor sit amet, consectetuer adipiscing elit, sed diam nonummy nibh euismod tincidunt ut laoreet dolore magna aliquam erat volutpat. Ut wisi enim ad minim veniam, quis nostrud exerci tation ullamcorper suscipit lobortis nisl ut aliquip ex ea commodo consequat. Duis autem vel eum iriure dolor in hendrerit in vulputate velit esse molestie consequat, vel illum dolore eu feugiat nulla facilisis at vero eros et accumsan et iusto odio dignissim qui blandit praesent luptatum zzril delenit augue duis dolore te feugait nulla facilisi.\nMeis vocent signiferumque pri et. Facilis corpora recusabo ne quo, eum ne eruditi blandit suscipiantur. Mazim sapientem sed id, sea debet commune iracundia in. Eius falli propriae te usu. In usu nonummy volumus expetenda, sint quando facilisis ei per, delectus constituto sea te.', '2020-03-13 12:30:30', '2020-04-07 12:30:30'),
    (14, 'Von LLC', 'photo-1553835973-dec43bfddbeb', 'http://addtoany.com', null, 'https://creativecommons.org', '9876274539', '2 Basil Road', ST_GeomFromText('point(35.819227 108.019549)', 4326), 'Dicunt percipit deserunt ut usu. Aliquip delenit an eam, vocent vituperata vim ea. Ei mollis audire interpretaris cum, ei impedit fierent sea. Ius at homero noster prompta, ea sit dignissim vituperata efficiendi. Natum placerat ad mei.', '2020-03-14 12:30:30', null),
    (15, 'Miller Inc', 'photo-1585058180482-0de06c426133', null, 'http://odnoklassniki.ru', 'http://wordpress.org', '9749913185', '60816 Delaware Alley', ST_GeomFromText('point(39.7443294 -89.7286056)', 4326), 'Wisi forensibus mnesarchum in cum. Per id impetus abhorreant, his no magna definiebas, inani rationibus in quo. Ut vidisse dolores est, ut quis nominavi mel. Ad pri quod apeirian concludaturque, id timeam iudicabit rationibus pri. Erant putant luptatum ex sit, error euismod ad qui, meliore voluptatum complectitur an vix. Clita persius sed et, vix vidit consulatu complectitur ex. Per nonummy postulant assentior an, mea audiam fabellas deserunt id.', '2020-03-15 12:30:30', '2020-04-08 12:30:30'),
    (16, 'Cronin-Fritsch', 'photo-1557053964-937650b63311', 'https://mysql.com', null, 'http://abc.net.au', '8144373565', '230 Acker Terrace', ST_GeomFromText('point(39.948572 116.420192)', 4326), 'In mel saperet expetendis. Vitae urbanitas sadipscing nec ut, at vim quis lorem labitur. Exerci electram has et, vidit solet tincidunt quo ad, moderatius contentiones nec no. Nam et puto abhorreant scripserit, et cum inimicus accusamus.\nAn vim commodo dolorem volutpat, cu expetendis voluptatum usu, et mutat consul adversarium his. His natum numquam legimus an, diam fabulas mei ut. Melius fabellas sadipscing vel id. Partem diceret mandamus mea ne, has te tempor nostrud. Aeque nostro eum no.', '2020-03-16 12:30:30', null),
    (17, 'Quigley Inc', 'photo-1554643999-d305740514b0', 'http://ca.gov', 'https://ibm.com', 'https://who.int', '5738959189', '851 Oak Valley Center', ST_GeomFromText('point(8.5131518 124.7568082)', 4326), 'Vis id minim dicant sensibus. Pri aliquip conclusionemque ad, ad malis evertitur torquatos his. Has ei solum harum reprimique, id illum saperet tractatos his. Ei omnis soleat antiopam quo. Ad augue inani postulant mel, mel ea qualisque forensibus.', '2020-03-17 12:30:30', '2020-04-09 12:30:30'),
    (18, 'Wisoky-Anderson', 'photo-1586968753203-8350c338fa80', null, null, 'https://biblegateway.com', '1802870398', '918 Texas Court', ST_GeomFromText('point(28.976995 116.762907)', 4326), 'Lorem ipsum dolor sit amet, consectetuer adipiscing elit, sed diam nonummy nibh euismod tincidunt ut laoreet dolore magna aliquam erat volutpat. Ut wisi enim ad minim veniam, quis nostrud exerci tation ullamcorper suscipit lobortis nisl ut aliquip ex ea commodo consequat. Duis autem vel eum iriure dolor in hendrerit in vulputate velit esse molestie consequat, vel illum dolore eu feugiat nulla facilisis at vero eros et accumsan et iusto odio dignissim qui blandit praesent luptatum zzril delenit augue duis dolore te feugait nulla facilisi.', '2020-03-18 12:30:30', null),
    (19, 'Zboncak LLC', 'photo-1530018352490-c6eef07fd7e0', 'http://newsvine.com', 'http://webeden.co.uk', null, '8816153641', '303 Stoughton Street', ST_GeomFromText('point(51.1879547 6.8173593)', 4326), 'Lorem ipsum dolor sit amet, consectetuer adipiscing elit, sed diam nonummy nibh euismod tincidunt ut laoreet dolore magna aliquam erat volutpat. Ut wisi enim ad minim veniam, quis nostrud exerci tation ullamcorper suscipit lobortis nisl ut aliquip ex ea commodo consequat. Duis autem vel eum iriure dolor in hendrerit in vulputate velit esse molestie consequat, vel illum dolore eu feugiat nulla facilisis at vero eros et accumsan et iusto odio dignissim qui blandit praesent luptatum zzril delenit augue duis dolore te feugait nulla facilisi.\nWisi forensibus mnesarchum in cum. Per id impetus abhorreant, his no magna definiebas, inani rationibus in quo. Ut vidisse dolores est, ut quis nominavi mel. Ad pri quod apeirian concludaturque, id timeam iudicabit rationibus pri. Erant putant luptatum ex sit, error euismod ad qui, meliore voluptatum complectitur an vix. Clita persius sed et, vix vidit consulatu complectitur ex. Per nonummy postulant assentior an, mea audiam fabellas deserunt id.', '2020-03-19 12:30:30', '2020-04-10 12:30:30'),
    (20, 'Hills-Lang', 'photo-1547562188-7d2c02415849', 'https://printfriendly.com', null, null, '1494298713', '50 Kim Parkway', ST_GeomFromText('point(17.6992092 121.5038757)', 4326), 'Id sea utamur aperiam, te per choro accusamus consulatu. Brute munere corrumpit ut pri. Ea ipsum appareat erroribus mea. Mei probo inani aliquid ad. Omnis fabulas concludaturque an vix, an noluisse takimata facilisis pro, sit te volumus mandamus. Ad malorum imperdiet duo, ea possim utamur accusamus vix.', '2020-03-20 12:30:30', null),
    (21, 'Considine Inc', 'photo-1587987501183-33e43fdde781', null, 'http://webmd.com', null, '3825838095', '485 Nancy Alley', ST_GeomFromText('point(31.112818 121.381716)', 4326), 'Vis id minim dicant sensibus. Pri aliquip conclusionemque ad, ad malis evertitur torquatos his. Has ei solum harum reprimique, id illum saperet tractatos his. Ei omnis soleat antiopam quo. Ad augue inani postulant mel, mel ea qualisque forensibus.', '2020-03-21 12:30:30', '2020-04-11 12:30:30'),
    (22, 'Cummerata and Sons', 'photo-1541797873665-6d4cc148885f', 'http://macromedia.com', null, null, '7772920712', '920 Commercial Hill', ST_GeomFromText('point(13.7399629 108.0954351)', 4326), 'Vis id minim dicant sensibus. Pri aliquip conclusionemque ad, ad malis evertitur torquatos his. Has ei solum harum reprimique, id illum saperet tractatos his. Ei omnis soleat antiopam quo. Ad augue inani postulant mel, mel ea qualisque forensibus.\nEst ei erat mucius quaeque. Ei his quas phaedrum, efficiantur mediocritatem ne sed, hinc oratio blandit ei sed. Blandit gloriatur eam et. Brute noluisse per et, verear disputando neglegentur at quo. Sea quem legere ei, unum soluta ne duo. Ludus complectitur quo te, ut vide autem homero pro.', '2020-03-22 12:30:30', null),
    (23, 'Kunde-Considine', 'photo-1551150441-3f3828204ef0', 'http://home.pl', 'http://fastcompany.com', null, '9954507258', '9839 Harper Circle', ST_GeomFromText('point(48.8610504 2.3237084)', 4326), 'Est ei erat mucius quaeque. Ei his quas phaedrum, efficiantur mediocritatem ne sed, hinc oratio blandit ei sed. Blandit gloriatur eam et. Brute noluisse per et, verear disputando neglegentur at quo. Sea quem legere ei, unum soluta ne duo. Ludus complectitur quo te, ut vide autem homero pro.', '2020-03-23 12:30:30', '2020-04-12 12:30:30'),
    (24, 'Kshlerin LLC', 'photo-1587567818566-3272be7d64c9', null, null, null, '5979142942', '93816 Rieder Trail', ST_GeomFromText('point(37.08571 69.47958)', 4326), 'Dicunt percipit deserunt ut usu. Aliquip delenit an eam, vocent vituperata vim ea. Ei mollis audire interpretaris cum, ei impedit fierent sea. Ius at homero noster prompta, ea sit dignissim vituperata efficiendi. Natum placerat ad mei.', '2020-03-24 12:30:30', null),
    (25, 'Harvey-Wunsch', 'photo-1569513586164-80529357ad6f', 'https://photobucket.com', 'https://desdev.cn', 'http://un.org', '8741872881', '5624 Fremont Center' , ST_GeomFromText('point(50.3150962 34.9005644)', 4326), 'In mel saperet expetendis. Vitae urbanitas sadipscing nec ut, at vim quis lorem labitur. Exerci electram has et, vidit solet tincidunt quo ad, moderatius contentiones nec no. Nam et puto abhorreant scripserit, et cum inimicus accusamus.\nNo his munere interesset. At soluta accusam gloriatur eos, ferri commodo sed id, ei tollit legere nec. Eum et iudico graecis, cu zzril instructior per, usu at augue epicurei. Saepe scaevola takimata vix id. Errem dictas posidonium id vis, ne modo affert incorrupte eos.', '2020-03-25 12:30:30', '2020-04-13 12:30:30'),
    (26, 'Auer & Medhurst', 'photo-1584441405886-bc91be61e56a', 'http://ucla.edu', null, 'http://illinois.edu', '2265123364', '34386 Declaration Drive', ST_GeomFromText('point(43.6297603 0.5815411)', 4326), 'Lorem ipsum dolor sit amet, consectetuer adipiscing elit, sed diam nonummy nibh euismod tincidunt ut laoreet dolore magna aliquam erat volutpat. Ut wisi enim ad minim veniam, quis nostrud exerci tation ullamcorper suscipit lobortis nisl ut aliquip ex ea commodo consequat. Duis autem vel eum iriure dolor in hendrerit in vulputate velit esse molestie consequat, vel illum dolore eu feugiat nulla facilisis at vero eros et accumsan et iusto odio dignissim qui blandit praesent luptatum zzril delenit augue duis dolore te feugait nulla facilisi.', '2020-03-26 12:30:30', null),
    (27, 'Schimmel Inc', 'photo-1569077770428-b5937c3c9295', null, 'https://opera.com', 'https://blogger.com', '6231085239', '5422 Lake View Place', ST_GeomFromText('point(33.021266 35.447949)', 4326), 'Wisi forensibus mnesarchum in cum. Per id impetus abhorreant, his no magna definiebas, inani rationibus in quo. Ut vidisse dolores est, ut quis nominavi mel. Ad pri quod apeirian concludaturque, id timeam iudicabit rationibus pri. Erant putant luptatum ex sit, error euismod ad qui, meliore voluptatum complectitur an vix. Clita persius sed et, vix vidit consulatu complectitur ex. Per nonummy postulant assentior an, mea audiam fabellas deserunt id.', '2020-03-27 12:30:30', '2020-04-14 12:30:30'),
    (28, 'Bechtelar-Nader', 'photo-1496200186974-4293800e2c20', 'https://geocities.com', null, 'https://oaic.gov.au', '1912305636', '8184 Vahlen Center', ST_GeomFromText('point(37.9695509 23.2138496)', 4326), 'Lorem ipsum dolor sit amet, consectetuer adipiscing elit, sed diam nonummy nibh euismod tincidunt ut laoreet dolore magna aliquam erat volutpat. Ut wisi enim ad minim veniam, quis nostrud exerci tation ullamcorper suscipit lobortis nisl ut aliquip ex ea commodo consequat. Duis autem vel eum iriure dolor in hendrerit in vulputate velit esse molestie consequat, vel illum dolore eu feugiat nulla facilisis at vero eros et accumsan et iusto odio dignissim qui blandit praesent luptatum zzril delenit augue duis dolore te feugait nulla facilisi.\nIn mel saperet expetendis. Vitae urbanitas sadipscing nec ut, at vim quis lorem labitur. Exerci electram has et, vidit solet tincidunt quo ad, moderatius contentiones nec no. Nam et puto abhorreant scripserit, et cum inimicus accusamus.', '2020-03-28 12:30:30', null),
    (29, 'Klein & Trantow', 'photo-1549924231-f129b911e442', 'https://blog.com', 'https://illinois.edu', 'http://ehow.com', '8661118631', '443 Valley Edge Court', ST_GeomFromText('point(52.4867189 13.4343715)', 4326), 'Cu nam labores lobortis definiebas, ei aliquyam salutatus persequeris quo, cum eu nemore fierent dissentiunt. Per vero dolor id, vide democritum scribentur eu vim, pri erroribus temporibus ex. Euismod molestie offendit has no. Quo te semper invidunt quaestio, per vituperatoribus sadipscing ei, partem aliquyam sensibus in cum.', '2020-03-29 12:30:30', '2020-04-15 12:30:30'),
    (30, 'Jaskolski Group', 'photo-1585844508832-81ed8bd5ca29', null, null, 'http://goodreads.com', '4223934997', '84773 Ridgeview Lane', ST_GeomFromText('point(35.3985584 136.8331549)', 4326), 'No his munere interesset. At soluta accusam gloriatur eos, ferri commodo sed id, ei tollit legere nec. Eum et iudico graecis, cu zzril instructior per, usu at augue epicurei. Saepe scaevola takimata vix id. Errem dictas posidonium id vis, ne modo affert incorrupte eos.', '2020-03-30 12:30:30', null);

insert into
    `tattoo` (`id`, `artist_id`, `studio_id`, `image`, `width`, `height`, `created`, `updated`)
values
    (1, 1, 2, 'photo-1526893299283-37e82b1e4da5', 3470, 5200, '2020-06-01 12:30:30', '2020-07-01 12:30:30'),
    (2, 3, 4, 'photo-1475695752828-6d2b0a83cf8a', 5400, 3745,'2020-06-01 12:30:30', '2020-07-01 12:30:30'),
    (3, 3, 4, 'photo-1513078094721-e7b6e0394a6a', 4000, 6000, '2020-06-02 12:30:30', null),
    (4, 5, 6, 'photo-1565058379802-bbe93b2f703a', 4608, 3072, '2020-06-02 12:30:30', null),
    (5, 5, 6, 'photo-1510362753328-028a0e6b0e9b', 4000, 2666, '2020-06-03 12:30:30', '2020-07-02 12:30:30'),
    (6, 5, 6, 'photo-1562962230-16e4623d36e6', 2656, 3984, '2020-06-03 12:30:30', '2020-07-02 12:30:30'),
    (7, 7, 8, 'photo-1503875348722-426903cd65c5', 4752, 3168, '2020-06-04 12:30:30', null),
    (8, 7, 8, 'photo-1482375702222-03a768d5ea3c', 3456, 5184, '2020-06-04 12:30:30', null),
    (9, 7, 8, 'photo-1454329030972-00583f5f051f', 4000, 2697, '2020-06-05 12:30:30', '2020-07-03 12:30:30'),
    (10, 7, 8, 'photo-1552627019-947c3789ffb5', 3936, 2216, '2020-06-05 12:30:30', '2020-07-03 12:30:30'),
    (11, 9, 10, 'photo-1554388112-354ad110d846', 2618, 4032, '2020-06-06 12:30:30', null),
    (12, 9, 10, 'photo-1485463598028-44d6c47bf23f', 3305, 4277, '2020-06-06 12:30:30', null),
    (13, 9, 10, 'photo-1482329033286-79a3d24413b4', 5184, 3456, '2020-06-07 12:30:30', '2020-07-04 12:30:30'),
    (14, 9, 10, 'photo-1557286581-db6c124a6e2f', 2912, 4368, '2020-06-07 12:30:30', '2020-07-04 12:30:30'),
    (15, 9, 10, 'photo-1521308452854-e037c0062a1e', 5456, 3064, '2020-06-08 12:30:30', null),
    (16, 11, 12, 'photo-1540174053853-1cc5d1fa8814', 5304, 7952, '2020-06-08 12:30:30', null),
    (17, 13, 14, 'photo-1546432635-c2476e6a2a25', 4000, 6000, '2020-06-09 12:30:30', '2020-07-05 12:30:30'),
    (18, 13, 14, 'photo-1531951829979-d658d7e5e8a6', 2400, 3000, '2020-06-09 12:30:30', '2020-07-05 12:30:30'),
    (19, 15, 16, 'photo-1514470884303-0dd271e01df0', 2057, 3086, '2020-06-10 12:30:30', null),
    (20, 15, 16, 'photo-1529201763263-dbf358bc90d2', 4480, 6720, '2020-06-10 12:30:30', null),
    (21, 15, 16, 'photo-1541121514895-0f36e7d38d14', 5328, 3552, '2020-06-11 12:30:30', '2020-07-06 12:30:30'),
    (22, 17, 18, 'photo-1570168983832-8989dae1522e', 3024, 3022, '2020-06-11 12:30:30', '2020-07-06 12:30:30'),
    (23, 17, 18, 'photo-1522687533888-1078974f88ec', 3033, 4549, '2020-06-12 12:30:30', null),
    (24, 17, 18, 'photo-1573199725211-c927b22b7b63', 4000, 6000, '2020-06-12 12:30:30', null),
    (25, 17, 18, 'photo-1438633779514-39654a113578', 3840, 5760, '2020-06-13 12:30:30', '2020-07-07 12:30:30'),
    (26, 19, 20, 'photo-1541713970063-ca9613c37dc0', 3264, 4928, '2020-06-13 12:30:30', '2020-07-07 12:30:30'),
    (27, 19, 20, 'photo-1573401925152-1149a55a0a5f', 2970, 4000, '2020-06-14 12:30:30', null),
    (28, 19, 20, 'photo-1479767574301-a01c78234a0c', 3888, 2592, '2020-06-14 12:30:30', null),
    (29, 19, 20, 'photo-1544601386-904f9418a792', 3456, 5184, '2020-06-15 12:30:30', '2020-07-08 12:30:30'),
    (30, 19, 20, 'photo-1507251217843-301ac7bf2afd', 2668, 3134, '2020-06-15 12:30:30', '2020-07-08 12:30:30'),
    (31, 21, 22, 'photo-1508800716-b37c017b7a79', 4096, 2730, '2020-06-16 12:30:30', null),
    (32, 23, 24, 'photo-1561432868-931a1373efa7', 3822, 5336, '2020-06-16 12:30:30', null),
    (33, 23, 24, 'photo-1531852855896-94f2949b34fe', 3840, 4800, '2020-06-17 12:30:30', '2020-07-09 12:30:30'),
    (34, 25, 26, 'photo-1543244128-30d70d41e2a9', 3604, 2413, '2020-06-17 12:30:30', '2020-07-09 12:30:30'),
    (35, 25, 26, 'photo-1579035478707-49db569751d6', 5304, 7118, '2020-06-18 12:30:30', null),
    (36, 25, 26, 'photo-1505569127510-bde1536937bc', 3536, 3536, '2020-06-18 12:30:30', null),
    (37, 27, 28, 'photo-1460660961582-496f90a9eff9', 3840, 5760, '2020-06-19 12:30:30', '2020-07-10 12:30:30'),
    (38, 27, 28, 'photo-1482328177731-274399da39f0', 3456, 5184, '2020-06-19 12:30:30', '2020-07-10 12:30:30'),
    (39, 27, 28, 'photo-1519822356-4853be4346a8', 3347, 2230, '2020-06-20 12:30:30', null),
    (40, 27, 28, 'photo-1533743409942-b91130480a7a', 4104, 2736, '2020-06-20 12:30:30', null),
    (41, 29, 30, 'photo-1570106786245-ce68ce6503f8', 5539, 4000, '2020-06-21 12:30:30', '2020-07-11 12:30:30'),
    (42, 29, 30, 'photo-1551116173-fa2fd1ce3a8b', 3388, 5616, '2020-06-21 12:30:30', '2020-07-11 12:30:30'),
    (43, 29, 30, 'photo-1521124832270-70053fc58e01', 5304, 7952, '2020-06-22 12:30:30', null),
    (44, 29, 30, 'photo-1503875489810-33dee4b91809', 4752, 3168, '2020-06-22 12:30:30', null),
    (45, 29, 30, 'photo-1499492568083-9115ab12d0d2', 2048, 1536, '2020-06-23 12:30:30', '2020-07-12 12:30:30');

set foreign_key_checks = 1;
